,score,score,score,score,score,score,score,score,num_comments,num_comments,num_comments,num_comments,num_comments,num_comments,num_comments,num_comments,year,year,year,year,year,year,year,year,hour,hour,hour,hour,hour,hour,hour,hour,title_length,title_length,title_length,title_length,title_length,title_length,title_length,title_length
,count,mean,std,min,25%,50%,75%,max,count,mean,std,min,25%,50%,75%,max,count,mean,std,min,25%,50%,75%,max,count,mean,std,min,25%,50%,75%,max,count,mean,std,min,25%,50%,75%,max
month,,,,,,,,,,,,,,,,,,,,,,,,,,,,,,,,,,,,,,,,
1,9100.0,595.6402197802198,4710.014872963418,0.0,1.0,8.0,61.0,116221.0,9100.0,57.15791208791209,1195.503185795415,0.0,1.0,2.0,13.0,90086.0,9100.0,2021.277912087912,0.44799443539083234,2021.0,2021.0,2021.0,2022.0,2022.0,9100.0,12.997692307692308,7.45975723256719,0.0,5.0,15.0,19.0,23.0,9100.0,75.75934065934067,46.24265351697517,1.0,50.0,70.0,90.0,307.0
2,6210.0,467.6434782608696,3748.447056741999,0.0,1.0,4.0,43.0,113834.0,6210.0,41.628019323671495,526.1828314923378,0.0,1.0,2.0,10.0,28172.0,6210.0,2021.354267310789,0.4783292034851759,2021.0,2021.0,2021.0,2022.0,2022.0,6210.0,13.138808373590983,7.263802010379416,0.0,6.0,15.0,19.0,23.0,6210.0,76.80209339774557,48.48640213778502,1.0,50.0,71.0,91.0,300.0
3,6169.0,410.75441724752795,3171.5933013068743,0.0,1.0,4.0,41.0,74864.0,6169.0,33.11347057869995,255.29561289377304,0.0,1.0,2.0,10.0,11529.0,6169.0,2021.3611606419192,0.4803759352871042,2021.0,2021.0,2021.0,2022.0,2022.0,6169.0,13.216404603663479,7.072169426094976,0.0,7.0,15.0,19.0,23.0,6169.0,76.57837574971633,46.66542120464615,1.0,50.0,71.0,91.0,308.0
4,6019.0,380.37830204352883,2901.349585282623,0.0,1.0,3.0,39.0,72777.0,6019.0,31.55258348562884,216.5396501589219,0.0,1.0,2.0,9.0,7744.0,6019.0,2021.3585313174947,0.47960903694864526,2021.0,2021.0,2021.0,2022.0,2022.0,6019.0,13.403056986210334,7.019109175036084,0.0,8.0,15.0,19.0,23.0,6019.0,76.14470842332614,46.27761130291302,1.0,51.0,70.0,91.0,305.0
5,5903.0,356.51007962053194,2919.3634120253732,0.0,1.0,2.0,36.0,73108.0,5903.0,29.583601558529562,184.8103896541876,0.0,1.0,2.0,9.0,6003.0,5903.0,2021.3911570387938,0.4880507771413631,2021.0,2021.0,2021.0,2022.0,2022.0,5903.0,13.097577502964594,7.194469092522533,0.0,7.0,15.0,19.0,23.0,5903.0,78.53820091478909,50.34203098790724,1.0,50.0,71.0,94.0,313.0
6,5749.0,349.02435206122806,2565.251326184449,0.0,1.0,4.0,42.0,72722.0,5749.0,30.650200034788657,191.88665428295164,0.0,1.0,2.0,10.0,6838.0,5749.0,2021.3957209949556,0.4890475341807005,2021.0,2021.0,2021.0,2022.0,2022.0,5749.0,13.242998782396938,6.987033555738112,0.0,8.0,15.0,19.0,23.0,5749.0,81.05809706035832,49.62075132793702,1.0,53.0,73.0,96.0,315.0
7,5239.0,283.62760068715403,2330.2892182869987,0.0,1.0,4.0,50.0,77094.0,5239.0,25.037220843672458,153.70450726021932,0.0,1.0,2.0,10.0,5816.0,5239.0,2021.4010307310555,0.49015399822154454,2021.0,2021.0,2021.0,2022.0,2022.0,5239.0,13.168352739072342,6.9802742971797,0.0,8.0,15.0,19.0,23.0,5239.0,77.5951517465165,45.948973801017814,1.0,53.0,71.0,92.0,300.0
8,5364.0,387.2891498881432,2901.206118643498,0.0,1.0,5.0,61.0,70144.0,5364.0,40.319351230425056,409.56911271815386,0.0,1.0,2.0,12.0,25434.0,5364.0,2021.4075316927665,0.4914210348858623,2021.0,2021.0,2021.0,2022.0,2022.0,5364.0,13.47669649515287,7.074232630184401,0.0,8.0,15.0,19.0,23.0,5364.0,76.92971662938106,43.172819207500964,1.0,54.0,72.0,92.0,312.0
9,2699.0,271.9273805113005,1971.1273692782847,0.0,1.0,9.0,56.0,75336.0,2699.0,28.40200074101519,155.15397410858887,0.0,1.0,2.0,11.0,5338.0,2699.0,2021.0,0.0,2021.0,2021.0,2021.0,2021.0,2021.0,2699.0,12.965913301222676,7.018424973726527,0.0,7.0,15.0,19.0,23.0,2699.0,79.71174509077436,48.32211283881377,1.0,54.0,73.0,94.0,315.0
10,2430.0,302.5069958847737,2420.889761150792,0.0,1.0,9.0,60.75,79945.0,2430.0,25.594650205761315,122.42840932487832,0.0,1.0,2.0,12.0,3126.0,2430.0,2021.0,0.0,2021.0,2021.0,2021.0,2021.0,2021.0,2430.0,13.399588477366255,6.84640041758015,0.0,10.0,15.0,19.0,23.0,2430.0,80.95061728395062,51.777853362577595,1.0,51.0,73.0,96.0,300.0
11,2545.0,308.0117878192534,2754.810372091289,0.0,1.0,7.0,45.0,63384.0,2545.0,31.895481335952848,228.53646183053633,0.0,1.0,2.0,9.0,6939.0,2545.0,2021.0,0.0,2021.0,2021.0,2021.0,2021.0,2021.0,2545.0,13.40943025540275,6.902948442430119,0.0,8.0,15.0,19.0,23.0,2545.0,77.87504911591355,47.95452127484162,2.0,50.0,71.0,93.0,304.0
12,2573.0,235.5239020598523,1979.877116316921,0.0,1.0,5.0,29.0,55099.0,2573.0,24.110376991838322,150.42513192971074,0.0,1.0,1.0,6.0,3750.0,2573.0,2021.0,0.0,2021.0,2021.0,2021.0,2021.0,2021.0,2573.0,13.237465993004275,7.0435743380052145,0.0,7.0,15.0,19.0,23.0,2573.0,75.30664593859308,43.80879322758092,1.0,51.0,71.0,91.0,304.0
