,Year,Year,Year,Year,Year,Year,Year,Year,CPI,CPI,CPI,CPI,CPI,CPI,CPI,CPI,Unemp_Rate,Unemp_Rate,Unemp_Rate,Unemp_Rate,Unemp_Rate,Unemp_Rate,Unemp_Rate,Unemp_Rate,DOW,DOW,DOW,DOW,DOW,DOW,DOW,DOW
,count,mean,std,min,25%,50%,75%,max,count,mean,std,min,25%,50%,75%,max,count,mean,std,min,25%,50%,75%,max,count,mean,std,min,25%,50%,75%,max
Month,,,,,,,,,,,,,,,,,,,,,,,,,,,,,,,,
1,2.0,2020.5,0.7071067811865476,2020.0,2020.25,2020.5,2020.75,2021.0,2.0,260.44100000000003,2.4876016562142547,258.682,259.5615,260.44100000000003,261.3205,262.2,2.0,4.95,2.050609665440988,3.5,4.225,4.95,5.675000000000001,6.4,2.0,29119.324999999997,1220.8834973288813,28256.03,28687.677499999998,29119.324999999997,29550.9725,29982.62
2,2.0,2020.5,0.7071067811865476,2020.0,2020.25,2020.5,2020.75,2021.0,2.0,261.17650000000003,3.068136323568429,259.007,260.09175,261.17650000000003,262.26125,263.346,2.0,4.85,1.9091883092036785,3.5,4.175,4.85,5.525,6.2,2.0,28170.864999999998,3905.3578235611126,25409.36,26790.1125,28170.864999999998,29551.6175,30932.37
3,2.0,2020.5,0.7071067811865476,2020.0,2020.25,2020.5,2020.75,2021.0,2.0,261.5965,4.8528738392832755,258.165,259.88075000000003,261.5965,263.31225,265.028,2.0,5.2,1.1313708498984758,4.4,4.800000000000001,5.2,5.6,6.0,2.0,27449.355000000003,7823.705198692627,21917.16,24683.2575,27449.355000000003,30215.452500000003,32981.55
4,2.0,2020.5,0.7071067811865476,2020.0,2020.25,2020.5,2020.75,2021.0,2.0,261.41049999999996,7.518666404356546,256.094,258.75225,261.41049999999996,264.06874999999997,266.727,2.0,10.35,6.151828996322963,6.0,8.175,10.35,12.524999999999999,14.7,2.0,29110.285,6738.112441808164,24345.72,26728.002500000002,29110.285,31492.567499999997,33874.85
5,2.0,2020.5,0.7071067811865476,2020.0,2020.25,2020.5,2020.75,2021.0,2.0,262.2715,8.94843631591576,255.944,259.10775,262.2715,265.43525,268.599,2.0,9.5,5.232590180780451,5.8,7.6499999999999995,9.5,11.35,13.2,2.0,29956.28,6467.439037037764,25383.11,27669.695,29956.28,32242.864999999998,34529.45
6,2.0,2020.5,0.7071067811865476,2020.0,2020.25,2020.5,2020.75,2021.0,2.0,264.086,9.714232959940789,257.217,260.6515,264.086,267.52049999999997,270.955,2.0,8.45,3.6062445840513924,5.9,7.175000000000001,8.45,9.725,11.0,2.0,30157.695,6144.4962990020595,25812.88,27985.287500000002,30157.695,32330.1025,34502.51
7,2.0,2020.5,0.7071067811865476,2020.0,2020.25,2020.5,2020.75,2021.0,2.0,265.36350000000004,9.645643602165709,258.543,261.95325,265.36350000000004,268.77375,272.184,2.0,7.8,3.394112549695427,5.4,6.6,7.8,9.0,10.2,2.0,30681.895,6015.463453571139,26428.32,28555.1075,30681.895,32808.6825,34935.47
8,2.0,2020.5,0.7071067811865476,2020.0,2020.25,2020.5,2020.75,2021.0,2.0,266.336,9.55442682739263,259.58,262.95799999999997,266.336,269.714,273.092,2.0,6.800000000000001,2.2627416997969525,5.2,6.0,6.800000000000001,7.6000000000000005,8.4,2.0,31571.215000000004,5359.183507816281,27781.7,29676.4575,31571.215000000004,33465.9725,35360.73
9,2.0,2020.5,0.7071067811865476,2020.0,2020.25,2020.5,2020.75,2021.0,2.0,267.202,9.916465499360143,260.19,263.696,267.202,270.70799999999997,274.214,2.0,6.300000000000001,2.2627416997969525,4.7,5.5,6.300000000000001,7.1000000000000005,7.9,2.0,30172.76,5191.804261641611,26501.6,28337.18,30172.76,32008.339999999997,33843.92
10,2.0,2020.5,0.7071067811865476,2020.0,2020.25,2020.5,2020.75,2021.0,2.0,268.471,11.481999912907158,260.352,264.4115,268.471,272.53049999999996,276.59,2.0,5.75,1.6263455967290599,4.6,5.175,5.75,6.325,6.9,2.0,32729.1,4370.570445971554,29638.64,31183.87,32729.1,34274.33,35819.56
11,2.0,2020.5,0.7071067811865476,2020.0,2020.25,2020.5,2020.75,2021.0,2.0,269.6225,12.588622025464105,260.721,265.17175,269.6225,274.07325000000003,278.524,2.0,5.45,1.7677669529663689,4.2,4.825,5.45,6.075,6.7,2.0,32061.18,3425.988923391319,29638.64,30849.91,32061.18,33272.45,34483.72
12,2.0,2020.5,0.7071067811865476,2020.0,2020.25,2020.5,2020.75,2021.0,2.0,270.845,13.125316072384663,261.564,266.2045,270.845,275.4855,280.126,2.0,5.3,1.9798989873223334,3.9,4.6,5.3,6.0,6.7,2.0,33472.39,4053.008790540679,30606.48,32039.435,33472.39,34905.345,36338.3
